Student_ID,First_Name,Last_Name,Gender,Grade,Tardies,Absences,Suspension,Expulsion,Arrest
309,Amanda,Freeman,0,12,5,7,1,1,1
290,Norma,Diaz,0,9,3,0,0,0,1
208,Doris,Gray,0,11,4,3,1,1,1
610,Antonio,Stephens,1,9,7,3,1,0,0
218,Carol,Hudson,0,11,2,0,0,0,0
168,Margaret,Ryan,0,12,4,0,1,1,0
551,Wanda,Payne,0,10,9,4,1,0,1
430,Susan,Freeman,0,12,3,0,0,0,1
540,Catherine,Fields,0,12,3,2,1,1,1
420,Deborah,Bryant,0,10,2,0,0,0,0
76,Christina,Martinez,0,12,0,0,0,0,0
909,James,Stevens,1,12,3,2,1,0,0
727,Christine,Lane,0,12,1,0,0,0,0
834,Stephen,Stanley,1,11,9,7,1,0,3
543,Craig,Palmer,1,12,0,0,0,0,0
126,Diana,Jackson,0,9,8,4,0,0,2
411,James,Lynch,1,10,2,0,0,0,0
883,Rose,Castillo,0,9,7,5,0,0,1
419,Christine,Cruz,0,11,8,4,0,0,2
130,Juan,Rice,1,11,5,2,1,0,2
786,Roger,Gardner,1,11,6,4,1,1,2
64,Paul,Barnes,1,11,2,1,0,0,0
850,Annie,Alexander,0,12,2,1,0,0,0
300,Angela,Banks,0,9,4,3,0,0,2
530,James,Banks,1,10,9,7,1,0,2
830,James,Lane,1,12,1,3,0,0,0
432,Stephanie,Ryan,0,9,4,2,0,0,2
500,Anna,Mcdonald,0,11,1,0,0,0,0
876,Lois,Garcia,0,11,9,2,0,0,2
487,Kathryn,Romero,0,10,1,0,0,0,0
931,Emily,Mcdonald,0,12,3,2,1,0,1
54,Catherine,Hart,0,12,5,6,0,0,2
252,Betty,George,0,10,0,0,0,0,0
457,Sean,Brown,1,12,0,2,0,0,0
505,Christina,Bowman,0,9,11,7,1,0,2
60,Edward,Hunter,1,12,10,4,0,0,1
508,Doris,Freeman,0,11,4,3,1,1,1
325,Jane,Reyes,0,11,3,2,0,0,0
733,Tina,Henry,0,11,0,0,0,0,0
471,Samuel,Meyer,1,9,4,3,0,0,0
593,Kathryn,Robinson,0,11,2,0,0,0,0
2,Doris,Bowman,0,12,2,0,0,0,0
73,Jeffrey,Lewis,1,10,4,1,0,0,2
677,Howard,Little,1,9,3,0,1,1,0
421,Todd,Harper,1,10,2,0,0,0,0
630,John,Morgan,1,10,0,0,0,0,0
191,Lori,Carr,0,9,1,1,0,0,0
177,Teresa,Chavez,0,12,2,0,0,0,0
663,Teresa,Reed,0,11,8,7,0,0,0
381,Elizabeth,Murray,0,10,7,2,1,0,2
19,Cheryl,Jordan,0,11,0,0,0,0,0
730,Roger,Bailey,1,11,0,2,0,0,1
938,Timothy,Cunningham,1,11,5,2,0,0,2
797,Cynthia,Little,0,11,5,8,1,1,0
58,Billy,Morgan,1,10,3,0,1,0,0
926,John,Williamson,1,9,9,7,0,0,1
490,Denise,Burke,0,11,5,8,0,0,0
63,Patrick,Armstrong,1,10,11,8,1,1,4
143,Sara,Williams,0,12,2,2,0,0,0
185,Gregory,Duncan,1,11,1,0,0,0,0
149,Mildred,Williams,0,10,9,6,1,1,2
116,Andrew,Hall,1,9,1,0,0,0,0
570,Linda,Sims,0,10,0,0,0,0,0
271,Janet,Moreno,0,11,2,0,0,0,0
492,Robert,Brooks,1,12,10,5,1,1,4
89,Jacqueline,Garrett,0,9,1,0,0,0,0
23,Anna,Greene,0,12,2,0,0,0,0
102,Gary,Fox,1,12,3,0,0,0,1
202,Andrea,Robinson,0,12,2,1,0,0,0
590,Anna,Thompson,0,11,3,1,1,0,2
92,Patrick,Oliver,1,10,7,4,1,1,1
285,Louise,Wallace,0,11,3,3,0,0,1
683,Gloria,Rivera,0,11,0,0,0,0,0
382,Victor,Harrison,1,12,1,1,0,0,0
260,Andrew,Schmidt,1,10,2,0,0,0,0
921,Brenda,Duncan,0,10,5,3,0,0,1
571,Lawrence,Green,1,11,2,0,0,0,0
791,Johnny,Cook,1,9,3,0,1,0,1
243,Walter,Fuller,1,11,5,4,1,1,0
110,Lisa,Wright,0,10,2,0,0,0,0
445,Earl,Torres,1,11,4,2,0,0,0
321,Helen,Bryant,0,12,9,5,0,0,0
535,Clarence,Graham,1,10,0,0,0,0,0
837,Elizabeth,Miller,0,10,0,0,0,0,0
301,Kathleen,Sanchez,0,12,3,2,1,1,0
71,Cheryl,Lynch,0,10,5,2,1,1,0
4,Matthew,Owens,1,9,3,2,1,1,1
47,Paul,Fowler,1,9,1,0,0,0,0
563,Peter,Chavez,1,11,7,4,1,1,2
223,Brandon,Daniels,1,10,4,2,0,0,1
438,Russell,Mendoza,1,10,5,8,1,1,0
188,Diana,Ruiz,0,12,5,8,0,0,0
162,William,Adams,1,11,5,8,1,0,2
879,Sean,Gibson,1,12,2,0,0,0,0
167,Kimberly,Porter,0,10,7,5,0,0,1
715,Brandon,Olson,1,9,11,6,0,0,1
857,Russell,Vasquez,1,10,7,4,0,0,0
812,Jimmy,Black,1,11,4,3,0,0,0
706,Steven,Reed,1,12,0,0,0,0,0
316,Diane,Austin,0,11,5,5,0,0,2
839,Evelyn,Ramos,0,11,9,6,0,0,1
581,Dennis,Lopez,1,9,1,0,0,0,0
825,Frances,Gordon,0,11,2,0,0,0,0
13,Kathryn,Holmes,0,9,0,0,0,0,0
213,Douglas,Hicks,1,12,3,2,1,0,0
136,Thomas,Parker,1,11,9,7,1,1,4
582,Susan,Price,0,12,5,8,1,0,2
750,Thomas,Smith,1,11,2,0,0,0,0
655,Evelyn,Thomas,0,11,7,8,1,0,0
15,Brandon,Wheeler,1,11,0,0,0,0,0
388,Deborah,Rose,0,10,10,4,0,0,0
787,Scott,Peterson,1,12,4,1,1,0,0
504,Nicole,Morris,0,12,3,0,0,0,1
565,Carol,Peterson,0,11,1,0,0,0,0
905,Virginia,Mcdonald,0,12,3,0,0,0,2
652,Karen,Mason,0,11,2,0,0,0,0
141,Aaron,Hughes,1,12,3,1,0,0,2
192,Rachel,Palmer,0,11,7,2,1,0,2
532,Stephen,Olson,1,10,0,0,0,0,0
714,Gary,Peterson,1,12,4,2,0,0,0
17,Andrew,Moreno,1,10,3,3,0,1,2
856,Kimberly,Jordan,0,9,2,0,0,0,0
61,Phyllis,Elliott,0,12,2,0,0,0,0
742,Victor,Sullivan,1,11,0,0,0,0,0
792,Jennifer,Lynch,0,12,4,0,0,0,2
758,Deborah,Hicks,0,9,1,0,0,0,0
703,Carol,Bradley,0,11,4,1,1,0,2
523,Susan,Wheeler,0,10,0,0,0,0,0
363,Andrew,Howard,1,10,11,8,1,1,2
348,Jessica,Williams,0,9,1,0,0,0,0
253,Raymond,Montgomery,1,10,2,0,0,0,0
826,Bruce,Sullivan,1,9,4,0,0,0,0
329,Jessica,Frazier,0,10,8,8,0,0,1
293,Sean,Welch,1,12,5,3,0,0,1
157,Kevin,Gordon,1,9,2,0,0,0,0
199,Marie,Wheeler,0,12,6,3,0,0,0
298,Juan,Torres,1,10,7,7,0,0,1
320,Joe,Owens,1,11,2,0,0,0,0
527,Judith,Garrett,0,12,0,0,0,0,0
467,Sharon,Lewis,0,12,7,5,1,0,0
545,Henry,Payne,1,11,10,10,1,1,2
605,Peter,Bennett,1,9,7,7,0,0,1
175,Kevin,Wallace,1,10,8,6,1,1,2
483,Harold,Evans,1,10,4,1,1,0,1
231,Carol,Alexander,0,10,0,0,0,0,0
74,Philip,Evans,1,9,7,6,0,0,0
137,Carolyn,Lewis,0,9,1,0,1,0,0
868,George,Jones,1,11,5,8,1,0,0
636,Catherine,Franklin,0,12,10,12,1,1,4
662,Martin,Ford,1,10,11,9,1,0,4
238,Ryan,Ruiz,1,10,10,7,0,0,1
478,Philip,Reid,1,12,3,3,0,0,1
437,Paula,Jackson,0,9,4,0,0,0,1
799,Bruce,Richards,1,12,6,6,0,0,1
6,Patrick,Burton,1,11,3,0,1,1,0
346,Sarah,Lane,0,9,7,5,1,0,1
461,Adam,Banks,1,11,11,8,1,1,4
378,Ryan,Carter,1,9,2,1,0,0,0
226,George,Mason,1,9,10,7,0,0,1
299,Nicholas,Perkins,1,11,5,2,1,1,0
568,Philip,Alvarez,1,12,1,0,0,0,0
577,Jimmy,Hernandez,1,11,1,0,0,0,0
679,Marie,Cooper,0,9,4,1,0,0,0
904,Eugene,Hunter,1,10,6,6,0,0,0
468,Christopher,Richards,1,10,11,4,0,0,2
30,Gary,Hansen,1,12,7,3,1,0,0
865,Benjamin,Frazier,1,11,3,2,1,1,1
294,Sandra,Fernandez,0,10,8,7,0,0,0
831,Louise,Lane,0,11,8,5,1,1,2
434,Lawrence,Fisher,1,12,4,2,1,1,1
46,Douglas,Schmidt,1,12,7,6,1,0,2
809,Raymond,Peterson,1,12,10,10,0,0,2
488,Tina,Romero,0,10,2,1,0,0,0
936,Adam,Bishop,1,10,2,2,0,0,0
366,Jacqueline,Nguyen,0,12,5,2,0,0,2
518,Diana,Palmer,0,12,4,3,0,0,0
147,Virginia,Peterson,0,9,4,1,1,0,0
832,Louis,Davis,1,12,3,1,1,0,1
248,Irene,Butler,0,12,8,4,0,0,0
423,Frances,Gray,0,9,6,2,1,0,1
917,Stephen,Vasquez,1,12,2,0,0,0,0
25,Gary,Phillips,1,12,5,3,0,0,1
923,Timothy,Kennedy,1,11,1,0,0,0,0
538,Irene,Ray,0,11,7,7,1,0,2
661,Diane,Wilson,0,11,8,4,1,0,0
384,Diana,Wheeler,0,12,1,0,0,0,0
617,Kimberly,Hayes,0,11,11,4,0,0,2
151,Donna,Medina,0,12,1,0,0,0,0
345,Robin,Stevens,0,9,0,0,0,0,0
469,Diana,Wheeler,0,12,5,6,0,0,2
583,John,Garrett,1,11,0,0,0,0,0
734,Robin,Fuller,0,12,1,0,0,0,0
355,Pamela,Gonzales,0,10,3,2,1,0,1
670,Ronald,Bradley,1,11,2,0,0,0,0
485,Nicholas,Mendoza,1,11,8,7,1,0,2
854,Carlos,Shaw,1,12,2,2,0,0,0
394,Harold,Reynolds,1,9,8,7,0,0,0
35,Harold,Snyder,1,11,5,2,0,0,2
280,Christine,Miller,0,9,1,0,0,0,0
777,Gerald,Rivera,1,11,4,3,0,0,2
800,Jessica,Ellis,0,9,0,0,0,0,0
768,Norma,Ferguson,0,11,9,4,1,0,1
3,Carlos,Bradley,1,11,5,6,0,0,2
431,Phillip,Edwards,1,10,8,4,1,1,0
139,Nancy,Burton,0,11,4,1,1,1,2
158,Deborah,Sims,0,11,10,12,1,1,4
408,Sharon,Ramos,0,12,8,4,1,1,0
939,Howard,Edwards,1,9,0,0,0,0,0
632,Alan,Gomez,1,10,1,0,0,0,0
744,Jesse,Wallace,1,11,3,0,0,0,1
639,Henry,Reyes,1,9,6,2,1,0,1
297,Victor,Sanders,1,12,4,2,1,0,0
678,Melissa,Howell,0,11,7,8,1,1,0
580,Marie,Watkins,0,10,1,0,0,0,0
256,Jesse,Sullivan,1,11,2,2,0,0,0
317,Lisa,Matthews,0,10,0,2,0,0,1
66,Ronald,Gardner,1,12,1,1,0,0,0
751,Christine,Stephens,0,9,3,1,0,0,1
579,Doris,Lopez,0,10,5,2,0,0,2
217,Ashley,Campbell,0,12,3,2,0,0,0
281,Carl,Bryant,1,9,5,8,0,0,2
908,Martha,Alexander,0,11,3,2,1,1,0
341,Cynthia,Adams,0,11,2,0,0,0,0
289,Emily,Nichols,0,9,7,7,0,0,1
892,Anthony,Allen,1,12,4,0,0,0,2
284,Martin,Ross,1,11,4,1,1,1,1
664,Carlos,Cole,1,9,3,2,0,0,1
804,Frances,Sullivan,0,10,8,4,1,1,0
361,Jeremy,Adams,1,12,7,4,0,0,0
182,Elizabeth,Lawson,0,10,8,6,1,1,2
163,Jacqueline,Bradley,0,10,6,4,1,1,2
295,Carol,Ward,0,11,4,3,0,0,2
399,Diane,Graham,0,11,5,2,0,0,1
184,John,Martinez,1,11,10,4,0,0,0
55,Denise,Richards,0,12,11,8,0,0,2
333,Robin,Payne,0,11,0,0,0,0,0
70,Ann,Austin,0,11,5,6,0,0,2
863,John,Hanson,1,11,5,4,0,0,2
629,Jimmy,Bell,1,11,9,5,1,1,4
499,Mark,Cox,1,11,8,7,0,0,0
200,Paula,Hart,0,12,8,7,1,0,2
594,Kathleen,Johnson,0,9,2,0,0,0,0
164,Nancy,Phillips,0,9,4,1,1,1,1
377,Brenda,Williamson,0,10,7,2,0,0,1
877,Louis,Ferguson,1,11,3,3,0,0,0
702,Heather,Ruiz,0,9,2,2,0,0,0
56,Billy,Garza,1,11,4,3,1,1,1
870,Christine,Ryan,0,10,9,7,1,0,2
435,Albert,Shaw,1,10,6,3,0,0,0
170,Diane,Warren,0,10,5,6,1,1,1
462,Roy,Gray,1,10,1,0,0,0,0
12,Bruce,Reid,1,10,3,3,0,0,1
821,James,Moreno,1,9,1,0,0,0,0
866,Karen,George,0,11,8,7,0,0,0
451,Bruce,Ray,1,11,4,1,1,1,0
929,Raymond,Stephens,1,10,2,0,0,0,0
160,Keith,Crawford,1,10,0,0,0,0,0
183,Gregory,Chapman,1,10,5,5,0,0,2
456,Carlos,Nelson,1,11,8,6,1,0,0
180,Jane,Daniels,0,10,1,0,0,0,0
489,Rebecca,Smith,0,10,3,1,1,0,1
920,Ronald,Alexander,1,12,7,6,0,0,2
107,Barbara,Dunn,0,9,3,1,1,0,0
881,Donna,Jenkins,0,12,4,2,0,0,2
351,Carolyn,Carr,0,9,1,0,0,0,0
173,Sandra,Young,0,12,8,4,0,0,2
268,Terry,Boyd,1,10,2,2,0,0,0
878,Frank,Campbell,1,10,3,2,1,0,0
465,Cynthia,Powell,0,9,1,0,0,0,0
817,Doris,Mendoza,0,11,2,0,0,0,0
899,Betty,Hernandez,0,9,4,3,1,1,1
497,Mark,Perez,1,9,5,6,0,0,0
85,Shirley,Coleman,0,12,3,2,1,1,1
653,Scott,Marshall,1,12,2,0,0,0,0
814,Margaret,Perez,0,10,3,3,1,1,0
844,Kelly,Griffin,0,10,4,2,1,1,0
612,Peter,Alexander,1,9,3,1,0,0,1
264,Joyce,Wells,0,9,1,0,0,0,0
502,Bruce,Perry,1,11,1,0,0,0,0
308,Jonathan,Daniels,1,9,4,1,1,0,0
393,Billy,George,1,9,11,4,1,0,2
600,Bonnie,Nichols,0,10,3,3,0,0,1
660,Douglas,Young,1,9,2,0,0,0,0
896,Robert,Riley,1,12,7,5,1,0,1
933,Justin,Gilbert,1,9,9,6,0,0,0
761,Paula,Perry,0,12,4,1,1,0,1
743,Kimberly,Riley,0,9,0,0,0,0,0
428,Wanda,Willis,0,12,8,5,0,0,2
611,Kevin,Mason,1,10,11,5,1,0,0
368,Dennis,Morrison,1,12,6,4,1,1,2
712,Deborah,Rice,0,12,7,5,0,0,1
684,Frances,Weaver,0,10,2,0,1,0,0
91,Charles,Arnold,1,11,11,9,1,0,4
900,Karen,Taylor,0,10,5,2,0,0,1
332,Catherine,Ortiz,0,12,0,0,0,0,0
835,Russell,Wells,1,9,6,3,1,0,0
524,Jason,Ellis,1,10,2,2,0,0,0
426,Mildred,Bowman,0,12,3,3,1,1,0
884,Aaron,Bowman,1,11,4,2,0,0,2
48,Doris,Duncan,0,11,1,0,0,0,0
658,Joshua,Lewis,1,9,4,3,0,0,2
824,Rebecca,Greene,0,11,1,0,0,0,0
79,Steven,Alexander,1,9,1,0,0,0,0
613,Henry,Freeman,1,10,7,2,0,0,1
242,Ruby,Little,0,11,0,0,0,0,0
513,Julia,Lynch,0,10,4,1,1,1,0
902,Sarah,Little,0,9,5,2,1,0,2
433,Roy,Kim,1,11,10,4,0,0,0
637,Roy,Kennedy,1,9,9,5,0,0,0
150,Stephanie,Porter,0,12,3,0,0,0,1
665,Jacqueline,Woods,0,9,0,0,0,0,0
756,Frances,Hughes,0,12,5,6,0,0,0
925,Kenneth,Hanson,1,9,6,6,0,0,0
8,Victor,Kim,1,11,9,4,0,0,2
713,Norma,Fisher,0,12,2,0,0,0,0
62,Linda,Harrison,0,11,4,1,1,0,2
236,Nicholas,Flores,1,10,2,0,0,0,0
313,Alan,Fisher,1,12,5,2,1,1,0
700,Peter,Moore,1,12,4,3,1,0,2
585,Catherine,Larson,0,9,4,1,0,0,0
114,Samuel,Kelley,1,12,5,6,0,0,1
774,Ann,Lawson,0,12,1,2,0,0,0
448,Anthony,Ramirez,1,11,1,0,0,0,0
169,Debra,Weaver,0,11,3,3,0,0,1
549,Paul,Stewart,1,12,1,3,0,0,0
576,Gerald,Sims,1,12,2,0,0,0,0
187,Sean,Kelly,1,12,11,7,1,0,2
510,Jimmy,Edwards,1,10,8,3,1,1,2
848,Dorothy,Cook,0,10,4,0,1,1,0
246,John,Ross,1,10,2,0,0,0,0
32,Chris,Boyd,1,12,3,1,0,0,2
22,Kevin,Kim,1,12,0,0,0,0,0
350,Diane,Hamilton,0,11,7,7,0,0,1
267,Bobby,Willis,1,9,1,0,0,0,0
181,Doris,Fields,0,12,9,6,1,1,1
782,Maria,Ellis,0,10,4,2,0,0,0
484,Emily,Hughes,0,12,4,1,0,0,0
649,William,Hansen,1,11,2,0,0,0,0
887,Joshua,Grant,1,10,2,0,0,0,0
739,Kelly,Gutierrez,0,11,8,7,0,0,0
146,Bobby,Collins,1,10,0,0,0,0,0
746,Eugene,Jenkins,1,10,5,4,1,1,0
314,Theresa,Ramirez,0,11,11,6,1,0,3
781,Ryan,Murray,1,11,2,0,0,0,0
767,Bruce,Ward,1,11,8,2,1,0,2
337,Joe,Sanders,1,9,4,3,0,0,2
36,Terry,Ferguson,1,11,11,9,1,1,3
815,Kenneth,Hanson,1,10,4,3,1,0,0
287,Jimmy,Walker,1,10,1,0,0,0,0
427,Sharon,Chapman,0,10,3,1,1,0,0
811,Debra,Larson,0,11,8,2,0,0,2
113,Jessica,Lynch,0,12,1,0,0,0,0
193,Bonnie,Simmons,0,10,8,8,0,0,1
622,Evelyn,Knight,0,10,9,6,1,1,1
172,Jessica,Medina,0,10,0,1,0,0,0
178,Adam,Gutierrez,1,12,1,0,0,0,0
148,Mary,Wells,0,9,0,0,0,0,0
656,Sarah,Porter,0,9,5,8,1,1,0
766,Debra,Hughes,0,9,2,0,0,0,0
526,Harry,Mccoy,1,10,4,1,0,0,0
828,Theresa,Castillo,0,11,3,1,0,0,2
693,Christina,Morrison,0,11,1,0,0,0,0
867,Gerald,Morgan,1,11,2,2,0,0,0
424,Keith,Brooks,1,12,4,3,0,0,2
38,Helen,Wilson,0,9,2,0,0,0,0
365,Dennis,Moore,1,12,8,7,0,0,0
67,Russell,Banks,1,11,1,0,0,0,0
88,Jane,Miller,0,12,11,7,1,0,2
852,Anne,Jenkins,0,11,5,5,0,0,2
214,Lisa,Hill,0,9,8,4,1,1,0
675,Melissa,Ramirez,0,10,2,0,0,0,0
235,Amanda,Myers,0,9,5,2,1,1,1
705,Amy,Martinez,0,11,4,0,0,0,2
874,Eugene,Mason,1,12,0,0,0,0,0
634,Amy,Rodriguez,0,12,10,5,1,1,4
738,Charles,Flores,1,9,4,3,0,0,0
855,Charles,Bailey,1,11,4,3,1,1,1
189,Bonnie,Montgomery,0,10,6,6,0,0,0
425,Laura,Hunt,0,10,3,3,1,0,1
50,Jacqueline,Gonzales,0,10,2,0,0,0,0
104,Albert,Armstrong,1,10,8,5,1,1,2
225,Jimmy,Hill,1,9,4,1,0,0,2
749,Debra,Garcia,0,10,7,2,0,0,0
171,Michael,Rose,1,12,4,3,1,1,1
529,Louis,Hanson,1,9,3,3,0,0,2
506,Joshua,Torres,1,10,7,6,0,0,2
667,Mark,Burton,1,12,8,6,1,0,0
898,Martha,Ramirez,0,12,9,6,1,1,1
587,Julia,Duncan,0,10,0,0,0,0,0
406,Martin,Jenkins,1,11,2,0,0,0,0
367,Ralph,Morales,1,10,11,9,1,1,3
229,Daniel,Cole,1,9,0,0,0,0,0
405,Sara,Coleman,0,11,7,2,0,0,0
44,Brenda,Ferguson,0,9,4,2,0,0,1
752,Frances,Henderson,0,9,7,7,1,0,2
339,Bruce,Boyd,1,10,3,0,1,1,0
190,Teresa,Duncan,0,12,2,0,0,0,0
257,Roy,Hall,1,9,5,3,0,0,0
607,Frank,Turner,1,11,4,1,0,0,0
673,Ernest,Rice,1,12,3,2,0,0,1
575,Nicholas,Reed,1,11,7,4,1,1,1
536,Gerald,Washington,1,11,5,2,1,1,0
849,Victor,Morrison,1,9,11,6,0,0,1
650,Keith,Peters,1,9,0,0,0,0,0
11,Marie,Vasquez,0,10,1,0,0,0,0
709,Teresa,Gardner,0,11,0,0,0,0,0
574,Jesse,Cook,1,10,2,1,0,0,1
436,Peter,Fields,1,12,0,0,0,0,0
344,Barbara,Garcia,0,11,4,2,0,0,0
692,Joan,Lopez,0,11,8,5,1,1,2
875,Christopher,Armstrong,1,9,5,3,0,0,1
479,Eugene,Chavez,1,12,2,0,0,0,0
418,Martin,Kelley,1,11,2,1,0,0,1
239,Patricia,Hughes,0,12,10,7,1,0,0
165,Brenda,Foster,0,9,9,7,1,1,4
621,Janice,Kim,0,11,10,7,1,0,0
481,George,Martin,1,9,3,3,0,0,1
90,Virginia,Brown,0,12,4,2,1,1,0
666,Phillip,Carpenter,1,11,9,4,1,0,2
255,Beverly,Garrett,0,9,4,2,1,1,1
389,Lori,Sanchez,0,10,7,5,1,0,0
31,Jeremy,Wagner,1,11,2,1,0,0,0
96,Matthew,Stephens,1,9,2,1,0,0,1
376,Gary,Price,1,12,3,3,1,0,1
569,Carlos,White,1,9,11,8,0,0,0
477,Michelle,Roberts,0,9,4,0,0,0,0
105,Cheryl,Boyd,0,10,3,3,0,0,0
474,Stephen,Jacobs,1,10,0,0,0,0,0
198,Lisa,Green,0,10,9,6,1,1,2
135,Annie,Perkins,0,9,1,0,0,0,0
404,Donald,Henry,1,11,3,2,0,0,0
776,Nicholas,Price,1,9,4,0,0,0,0
486,Denise,Thompson,0,11,2,0,0,0,0
122,Annie,Burns,0,12,3,1,1,0,1
724,Ryan,Day,1,11,1,0,0,0,0
710,Edward,Nichols,1,9,7,4,1,1,2
228,Ruby,Adams,0,12,5,2,1,1,0
40,Louis,Thomas,1,10,3,3,0,0,2
422,Jane,Duncan,0,10,2,0,0,0,0
519,Frank,Rice,1,9,4,1,1,1,1
741,Jerry,Arnold,1,11,7,4,1,1,1
303,Jonathan,Reynolds,1,9,0,0,0,0,0
668,Amanda,Fox,0,10,9,7,1,0,2
609,Tammy,Hamilton,0,12,3,2,1,0,0
37,Jean,Perez,0,11,2,0,0,0,0
596,Timothy,Dixon,1,10,11,5,1,0,0
697,Alan,Gilbert,1,12,5,8,0,0,2
775,Sean,Nelson,1,10,4,1,1,0,1
517,Clarence,Vasquez,1,12,3,3,1,1,0
671,Howard,Hawkins,1,11,4,1,0,0,0
911,Anna,Bell,0,12,0,0,0,0,0
72,Christine,Long,0,9,2,0,0,0,0
773,Kathryn,Bowman,0,11,11,9,1,0,4
533,Andrea,Wheeler,0,10,5,7,1,1,1
559,David,Lane,1,10,1,0,0,0,0
823,Louis,Owens,1,9,7,5,1,0,0
42,Tina,Wells,0,10,0,0,0,0,0
546,Stephanie,Stevens,0,12,2,0,0,0,0
441,Pamela,Kelley,0,10,8,5,0,0,2
86,Andrea,Hudson,0,9,11,7,1,0,2
838,Jennifer,Price,0,9,4,2,0,0,0
789,Julia,Fields,0,12,2,1,0,0,0
525,Betty,Sullivan,0,10,4,2,1,1,1
358,Robert,Murray,1,9,4,3,1,1,1
794,Richard,Jacobs,1,10,5,6,1,1,1
558,Virginia,Duncan,0,12,3,3,1,1,2
603,Willie,Gordon,1,9,8,7,0,0,0
292,Randy,Hawkins,1,11,4,0,0,0,2
795,Kathryn,Hall,0,9,4,1,1,0,0
788,Fred,Gibson,1,9,2,1,0,0,0
864,Jonathan,Cooper,1,11,5,6,0,0,2
391,Sarah,Kelley,0,11,2,1,0,0,0
699,Clarence,Foster,1,12,9,6,0,0,0
890,Clarence,Simmons,1,12,2,0,1,0,0
770,Martin,Greene,1,10,10,4,0,0,0
464,Jimmy,Perez,1,12,4,3,1,0,0
764,Judith,Brown,0,9,7,8,1,0,1
726,Jerry,Mccoy,1,9,8,7,0,0,0
372,Charles,Knight,1,12,9,5,0,0,0
608,Russell,Edwards,1,12,1,0,0,0,0
846,Norma,Lane,0,9,9,6,1,1,1
861,Michelle,Miller,0,10,3,0,1,0,1
101,Aaron,Moreno,1,9,2,1,0,0,0
719,Frances,Ferguson,0,12,8,4,0,0,1
810,Justin,Porter,1,9,7,7,0,0,1
507,Joshua,Gilbert,1,11,1,0,0,0,0
138,Anne,Henderson,0,11,2,0,0,0,0
386,Bobby,Reid,1,12,9,7,1,0,2
312,Chris,Spencer,1,12,8,4,1,1,0
207,James,Cole,1,9,1,0,0,0,0
440,Jessica,Reynolds,0,12,2,0,0,0,0
547,Laura,Berry,0,11,3,2,0,0,1
373,Andrew,Shaw,1,10,4,1,1,0,0
245,Cheryl,Jackson,0,9,0,0,0,0,0
641,Joshua,Russell,1,10,3,1,0,0,1
203,Wanda,Knight,0,10,3,2,1,1,0
83,Daniel,Mendoza,1,12,6,6,0,0,1
250,Lori,Phillips,0,9,1,0,0,0,0
785,Christine,Williamson,0,11,1,3,0,0,0
564,Ronald,Phillips,1,12,4,0,0,0,1
889,Diane,Greene,0,11,5,6,1,1,1
310,Shirley,Gonzalez,0,10,9,7,0,0,1
396,Gerald,Vasquez,1,10,0,0,0,0,0
718,Ernest,Bell,1,10,9,6,1,1,2
521,Maria,Austin,0,12,10,6,0,0,0
796,Rose,Robinson,0,12,2,0,0,0,0
842,Amy,Rivera,0,9,3,0,0,0,1
131,Kathryn,Richardson,0,10,0,0,0,0,0
262,Amy,Myers,0,10,0,1,0,0,0
454,Samuel,Ross,1,11,4,2,0,0,1
450,Jonathan,Boyd,1,12,0,0,0,0,0
93,Annie,Perry,0,11,3,2,0,0,0
77,Charles,Nguyen,1,11,3,3,0,0,2
470,Paula,Hawkins,0,11,0,0,0,0,0
196,Raymond,Jacobs,1,11,1,0,0,0,0
560,Lisa,West,0,12,0,0,0,0,0
338,Anne,Ward,0,9,7,2,0,0,1
886,Shirley,Daniels,0,10,2,0,0,0,0
305,Jesse,Berry,1,12,5,3,1,1,2
10,Lisa,Ross,0,9,2,0,0,0,0
496,Frank,Howell,1,9,6,8,0,0,2
628,Adam,Hawkins,1,9,11,5,1,0,0
296,Eugene,Williamson,1,11,7,8,1,0,0
778,Theresa,Rivera,0,11,1,0,0,0,0
261,Pamela,Cunningham,0,12,2,0,0,0,0
919,Justin,Morris,1,9,3,2,0,0,0
495,Bruce,Taylor,1,9,3,2,1,1,0
123,Joseph,Morrison,1,9,2,0,1,0,0
397,Arthur,Vasquez,1,9,1,0,1,0,0
615,Jeremy,Mccoy,1,11,3,3,1,1,2
698,Willie,Tucker,1,9,3,0,0,0,1
690,Sharon,Robertson,0,12,2,0,0,0,0
449,Kathleen,Porter,0,12,4,2,1,0,0
360,Catherine,Mendoza,0,10,8,4,1,1,0
75,Nancy,Carpenter,0,9,5,2,1,1,0
354,Adam,Daniels,1,9,1,0,0,0,0
380,Bonnie,Richardson,0,11,0,1,0,0,0
128,Louise,Ryan,0,9,4,1,1,0,1
95,Phyllis,Butler,0,11,4,3,1,0,2
100,Amanda,Hunter,0,9,10,6,0,0,0
206,Angela,Wilson,0,9,0,0,0,0,0
274,Robert,Walker,1,12,4,3,1,1,1
117,Kevin,Butler,1,11,3,3,0,0,2
145,Lawrence,Little,1,11,4,2,0,0,0
537,Mary,Cruz,0,12,7,8,1,1,0
657,Sarah,Scott,0,12,9,5,1,1,4
385,Kevin,Arnold,1,10,5,4,1,0,2
541,Barbara,George,0,11,1,0,0,0,0
550,Angela,Shaw,0,10,2,0,0,0,0
349,Patricia,Clark,0,10,6,8,1,0,2
757,Kimberly,Scott,0,10,9,7,0,0,3
156,Ashley,Hughes,0,11,5,2,1,1,0
907,Lawrence,Gibson,1,11,2,0,0,0,0
912,Ronald,Burns,1,12,11,8,1,1,4
694,Christopher,Romero,1,10,3,2,1,1,0
640,Douglas,Hughes,1,12,8,8,0,0,1
444,Matthew,King,1,11,8,3,1,1,2
221,Todd,Armstrong,1,11,4,2,0,0,1
43,Patricia,Garcia,0,9,1,0,0,0,0
940,Barbara,Hicks,0,12,11,9,1,0,4
853,Todd,Ward,1,12,3,1,1,0,0
748,Judy,Jenkins,0,12,9,7,1,0,4
112,Cheryl,Henderson,0,12,6,8,1,0,1
34,Sarah,Foster,0,10,3,0,0,0,2
328,Jacqueline,Wells,0,10,3,3,0,0,1
829,Maria,Nelson,0,11,5,6,0,0,2
754,Rebecca,Thompson,0,11,1,0,0,0,0
771,Ashley,Hanson,0,11,6,3,1,0,0
934,Denise,Tucker,0,10,2,0,0,0,0
234,Evelyn,Hunter,0,9,4,3,1,0,2
633,Wayne,Wright,1,9,1,0,0,0,0
144,Janet,Robinson,0,9,3,0,1,0,0
387,Anne,Garza,0,11,10,7,1,0,3
681,Diane,Richards,0,12,3,3,1,0,1
306,Bonnie,Hamilton,0,11,0,0,0,0,0
330,Helen,Mendoza,0,10,2,0,0,0,0
548,Joseph,Coleman,1,10,4,1,0,0,2
891,Beverly,Morgan,0,10,9,4,0,0,2
28,Sean,Payne,1,9,4,0,1,1,0
21,Diane,Hunt,0,9,11,9,1,1,3
589,Laura,Shaw,0,10,9,7,1,1,4
599,Earl,Riley,1,10,4,0,0,0,0
707,Sean,Patterson,1,11,10,6,0,0,0
645,Susan,Hart,0,10,10,4,0,0,1
224,Albert,Perry,1,9,2,0,0,0,0
403,Catherine,Allen,0,10,3,0,1,0,1
701,Lori,Powell,0,9,5,2,0,0,2
353,Jessica,Gordon,0,10,7,2,0,0,0
745,Frank,Hernandez,1,9,1,1,0,0,0
819,Brandon,Gonzalez,1,10,4,0,0,0,1
556,Charles,Ross,1,9,3,3,0,0,0
369,Ruth,Romero,0,10,3,0,0,0,2
41,Christine,Hanson,0,12,2,0,0,0,0
335,Ronald,Brooks,1,9,1,0,0,0,0
230,Daniel,Turner,1,11,0,1,0,0,0
680,Rose,Thomas,0,12,0,0,0,0,0
247,Wayne,Harrison,1,12,5,2,0,0,1
195,Amanda,Schmidt,0,9,4,1,1,0,0
259,Andrea,Carr,0,11,4,3,0,0,0
573,Paula,Hanson,0,12,3,0,0,0,1
311,Bonnie,Spencer,0,10,1,0,0,0,0
618,Kathryn,Ray,0,12,2,0,0,0,0
99,Sandra,Oliver,0,12,11,9,1,1,3
315,Earl,Hudson,1,10,1,0,0,0,0
619,Ryan,Moreno,1,12,4,1,1,0,0
930,Laura,Cook,0,10,4,1,1,1,0
179,Sean,Jones,1,12,7,3,1,0,2
845,Philip,Mitchell,1,9,9,4,1,0,1
737,Jesse,Cole,1,11,8,4,0,0,0
528,Eugene,Collins,1,11,3,0,0,0,2
33,Nicole,Arnold,0,11,8,7,1,0,2
473,Martha,Duncan,0,10,7,3,1,0,0
503,Joan,Lane,0,10,7,4,0,0,0
620,Harold,Welch,1,9,11,8,0,0,2
847,Harold,Bryant,1,12,2,0,0,0,0
695,Jennifer,Oliver,0,10,5,8,1,0,0
493,Denise,Fox,0,9,2,0,0,0,0
364,Judith,Hunt,0,10,0,0,0,0,0
401,Gregory,Tucker,1,10,11,6,1,0,3
39,Annie,Reid,0,11,11,8,1,1,4
922,Janet,Cooper,0,9,2,0,0,0,0
318,Joe,Watson,1,10,9,6,0,0,0
342,Brandon,Carpenter,1,9,11,6,0,0,1
805,Jessica,Simpson,0,10,1,0,0,0,0
174,Lillian,Howell,0,10,5,3,0,0,0
460,Jeffrey,Howard,1,12,1,0,0,0,0
254,Todd,Mendoza,1,9,4,3,1,0,0
319,Andrew,Bradley,1,12,2,0,0,0,0
807,Robert,Elliott,1,9,3,2,1,0,0
731,Betty,Garrett,0,10,2,0,0,0,0
133,Joyce,Greene,0,12,0,0,0,0,0
219,Christopher,Mendoza,1,11,0,0,0,0,0
251,Norma,Lynch,0,12,7,8,1,0,1
265,Virginia,Phillips,0,11,5,2,1,1,2
601,Jeffrey,Bell,1,12,4,2,0,0,0
588,Ashley,Welch,0,9,7,7,1,0,2
836,Irene,Clark,0,9,1,0,0,0,0
109,Matthew,James,1,10,4,1,1,0,1
24,Carlos,Jacobs,1,11,8,3,1,1,2
555,Sharon,Simpson,0,12,6,3,0,0,0
642,Fred,Castillo,1,10,3,0,0,0,1
443,Nancy,Berry,0,12,1,0,0,0,0
413,Michael,Palmer,1,11,2,1,0,0,0
414,Phyllis,Sullivan,0,11,1,0,0,0,0
390,Robert,Day,1,9,1,0,0,0,0
429,Angela,Willis,0,10,4,1,1,0,1
127,Anne,Woods,0,10,4,1,0,0,2
357,Terry,Young,1,9,1,0,0,0,0
154,Emily,Woods,0,12,5,3,0,0,0
872,Sharon,Hernandez,0,11,2,0,0,0,0
302,Annie,Butler,0,10,11,5,0,0,2
913,Matthew,Robertson,1,12,7,7,0,0,1
509,Henry,Hawkins,1,11,2,0,0,0,0
472,Ruth,Montgomery,0,11,2,0,0,0,0
820,Randy,Jenkins,1,10,4,3,1,1,1
935,Judith,Roberts,0,9,4,1,0,0,0
906,Virginia,Clark,0,9,1,0,0,0,0
324,Kathryn,Reynolds,0,12,2,0,0,0,0
459,Shirley,James,0,9,4,2,1,1,1
711,Carolyn,Fisher,0,11,4,3,1,0,2
512,Carl,Butler,1,11,3,1,0,0,1
544,Kathy,Campbell,0,11,3,3,0,0,2
676,Judith,Little,0,11,5,4,1,1,0
416,Bobby,Nichols,1,10,4,0,0,0,2
98,Steven,Fisher,1,10,5,8,0,0,0
691,Louis,Riley,1,12,3,2,1,0,0
827,Barbara,Martinez,0,9,2,0,0,0,0
803,Sharon,Duncan,0,9,3,0,0,0,1
598,Betty,Wells,0,12,2,0,0,0,0
51,Eric,Robinson,1,9,5,6,0,0,2
383,Anthony,Cole,1,10,9,7,1,0,4
897,Janice,White,0,10,4,2,0,0,1
480,Antonio,Price,1,12,8,4,0,0,1
534,Lawrence,Rivera,1,10,1,0,0,0,0
729,Betty,Howell,0,10,4,3,1,0,0
94,William,Bennett,1,10,4,2,0,0,1
813,Ronald,Ortiz,1,9,8,6,1,0,0
624,Phyllis,Berry,0,9,9,7,1,1,4
343,Steven,Hernandez,1,10,4,0,1,1,2
272,Annie,Hart,0,9,9,6,0,0,0
277,Jane,Schmidt,0,10,4,1,0,0,0
689,Lawrence,Gordon,1,11,6,8,1,0,1
779,Albert,Griffin,1,10,2,0,0,0,0
458,Victor,Washington,1,12,4,3,0,0,2
843,Carolyn,Reyes,0,12,1,0,0,0,0
606,David,Stone,1,10,8,4,1,0,0
103,Janet,Reynolds,0,11,3,1,0,0,1
80,Frances,Powell,0,10,2,0,0,0,0
894,Bruce,Wallace,1,11,5,4,1,0,2
765,Ralph,Bradley,1,9,6,2,1,0,1
65,Virginia,Campbell,0,12,7,4,1,1,2
266,Henry,Hansen,1,12,4,3,0,0,0
334,Raymond,Matthews,1,11,10,5,1,1,4
27,Evelyn,White,0,11,2,0,0,0,0
240,Amy,Turner,0,10,2,0,0,0,0
539,Benjamin,Hernandez,1,11,6,3,0,0,0
928,Rose,Webb,0,11,0,0,0,0,0
463,David,Fox,1,9,2,0,0,0,0
901,Nancy,Howard,0,10,7,3,1,0,2
288,Tammy,Rodriguez,0,9,1,0,0,0,0
68,Rose,Mcdonald,0,10,2,0,0,0,0
482,Beverly,Russell,0,12,2,2,0,0,0
278,Walter,Gonzales,1,12,11,5,0,0,2
806,Martha,Collins,0,9,11,5,0,0,2
674,Jose,Jordan,1,9,8,7,0,0,0
14,Brandon,Andrews,1,12,2,0,0,0,0
327,Carlos,Ford,1,9,3,0,1,0,1
753,Linda,Lynch,0,12,0,0,0,0,0
410,Victor,Walker,1,10,6,6,1,0,0
57,Harry,Mason,1,9,11,6,0,0,1
841,Bobby,Weaver,1,9,5,7,1,1,1
452,Carol,Warren,0,9,7,5,0,0,1
643,Alice,Porter,0,11,4,1,1,0,2
651,Joshua,Alvarez,1,11,5,8,1,0,2
371,Ann,Henry,0,11,4,3,0,0,0
140,Bobby,Brooks,1,10,5,6,0,0,2
210,Paul,Cole,1,9,3,1,0,0,2
398,Amy,Hall,0,11,0,0,0,0,0
69,Susan,King,0,10,2,0,0,0,0
81,Wanda,Duncan,0,12,3,2,0,0,1
45,Mary,Fisher,0,12,2,0,0,0,0
762,Jacqueline,Cook,0,12,5,2,0,0,1
686,Michael,Meyer,1,10,2,0,0,0,0
833,Louise,Rivera,0,12,10,6,1,1,1
626,Amy,Lane,0,11,7,7,0,0,1
216,Janice,Foster,0,10,1,0,0,0,0
273,Linda,Lawson,0,9,5,3,1,1,2
708,Stephen,Wells,1,11,3,3,0,0,2
279,Alice,Marshall,0,9,8,2,0,0,2
211,Christopher,Walker,1,10,3,3,0,0,1
687,Brandon,Howard,1,11,1,0,0,0,0
516,David,Cole,1,11,8,6,1,1,2
286,Carl,Mccoy,1,9,0,0,0,0,0
475,Ernest,Robertson,1,9,5,2,1,1,1
647,Ann,Mcdonald,0,12,8,4,1,0,0
455,Debra,Moreno,0,10,10,7,1,0,3
572,Daniel,Lane,1,10,3,3,0,0,1
755,Pamela,Hart,0,9,1,1,0,0,0
871,Diana,Rodriguez,0,12,1,0,0,0,0
263,Samuel,Oliver,1,9,2,0,0,0,0
740,Maria,Smith,0,11,7,8,1,0,0
520,Mark,Watkins,1,11,4,2,1,1,0
562,Alice,George,0,11,0,0,0,0,0
304,Ruth,Scott,0,12,5,2,0,0,1
220,Betty,Mendoza,0,10,1,2,0,0,0
466,Henry,Murray,1,9,2,0,0,0,0
501,Debra,Robinson,0,11,4,1,1,1,1
336,Brandon,Sims,1,12,4,3,1,0,0
209,Ruth,Lopez,0,10,0,0,0,0,0
769,Steven,Willis,1,12,9,7,1,0,3
557,Carolyn,Stanley,0,10,1,0,0,0,0
696,David,Bradley,1,9,0,0,0,0,0
586,Nancy,Young,0,11,1,1,0,0,0
552,Justin,Gray,1,11,1,0,0,0,0
215,Ernest,Stevens,1,9,2,0,0,0,0
78,Katherine,Harrison,0,9,4,1,1,0,1
672,Stephen,Carter,1,10,4,3,1,0,2
400,Jane,Allen,0,10,3,3,0,0,2
379,Willie,Torres,1,9,0,0,0,0,0
20,Billy,Fields,1,9,2,1,0,0,1
392,Joe,Hill,1,10,2,0,0,0,0
860,Helen,Bryant,0,10,3,0,1,0,1
269,Emily,Ford,0,12,2,2,0,0,0
1,Harold,King,1,10,1,0,0,0,0
735,Earl,Hayes,1,9,4,3,1,0,0
237,Martin,Fox,1,12,1,0,0,0,0
522,Joe,Moore,1,9,4,1,1,0,1
682,Denise,Wood,0,10,6,8,0,0,2
722,Diane,Murphy,0,11,4,0,0,0,1
654,Adam,Sullivan,1,10,4,2,1,1,0
84,Nicole,Matthews,0,12,0,0,0,0,0
602,Mark,Kennedy,1,9,2,0,0,0,0
816,Anthony,Banks,1,12,2,0,0,0,0
359,Denise,Austin,0,11,2,0,0,0,0
494,Albert,Perkins,1,12,4,1,1,1,1
442,Brian,Weaver,1,10,7,4,1,1,2
638,Anthony,Porter,1,9,2,0,0,0,0
120,Timothy,Hunt,1,11,10,6,1,1,1
943,Raymond,Ward,1,11,0,0,0,0,0
276,James,Fowler,1,11,0,2,0,0,0
614,Christopher,Rose,1,9,10,7,0,0,1
627,Brandon,Knight,1,12,5,2,0,0,2
793,Rachel,Ward,0,10,4,1,0,0,0
307,Kimberly,Barnes,0,12,5,2,1,1,1
888,Louis,Nelson,1,9,0,0,0,0,0
554,Lawrence,Moreno,1,9,1,2,0,0,0
592,Kathryn,Reed,0,9,7,2,1,0,2
82,Phillip,Murray,1,12,1,0,0,0,0
659,Gary,Smith,1,11,5,3,0,0,2
818,Patrick,Watson,1,10,5,8,1,0,2
802,Katherine,Sanders,0,10,4,2,1,0,0
407,Helen,Wheeler,0,10,7,2,1,0,2
476,Ernest,Day,1,9,3,2,1,0,1
7,Wanda,Morgan,0,12,8,4,1,1,0
885,Margaret,Harper,0,12,10,6,1,1,1
932,Louis,Anderson,1,11,2,1,0,0,0
374,Janice,Bishop,0,12,3,0,1,0,0
125,Kevin,Taylor,1,11,4,1,1,0,1
895,Joshua,Wright,1,10,1,0,0,0,0
340,Jonathan,Gilbert,1,9,7,8,1,0,1
129,Keith,Stanley,1,11,4,0,0,0,2
747,Nicholas,Freeman,1,9,4,2,0,0,2
801,Susan,Simmons,0,12,3,1,0,0,1
111,Wanda,Owens,0,12,4,3,0,0,0
362,Carolyn,Gardner,0,12,1,0,0,0,0
623,Todd,Torres,1,11,4,1,1,1,1
873,Stephen,Kennedy,1,12,0,0,0,0,0
937,Dorothy,Greene,0,9,2,0,0,0,0
531,Ruby,Berry,0,11,1,0,0,0,0
447,Juan,Greene,1,9,0,0,0,0,0
880,Kathy,Franklin,0,9,1,0,0,0,0
851,Robert,Mason,1,12,2,0,0,0,0
409,Evelyn,Knight,0,9,1,0,0,0,0
205,Mark,Ellis,1,11,1,0,0,0,0
118,Jacqueline,Green,0,10,0,0,0,0,0
498,Bruce,Patterson,1,11,10,10,0,0,2
725,Tammy,Allen,0,10,2,0,0,0,0
716,Daniel,Mason,1,10,4,2,0,0,2
159,Annie,Hunt,0,12,2,0,0,0,0
584,Russell,Bowman,1,12,1,0,0,0,0
9,Andrew,Simmons,1,10,3,3,0,0,2
542,Jeremy,Ruiz,1,11,5,8,0,0,0
197,Marie,Palmer,0,10,3,2,1,1,0
52,Rebecca,Franklin,0,12,0,0,0,0,0
26,Lois,Shaw,0,12,0,0,0,0,0
115,Todd,Hudson,1,10,0,2,0,0,1
910,Sharon,Cunningham,0,10,1,0,1,0,0
49,Clarence,Fowler,1,11,6,6,0,0,1
227,Ronald,Dean,1,9,3,1,0,0,2
241,Steve,Morris,1,10,0,0,0,0,0
283,Betty,Wright,0,11,3,0,1,0,1
132,Debra,Rogers,0,12,9,7,1,0,4
941,Maria,Russell,0,12,2,0,0,0,0
604,Aaron,Gardner,1,9,0,0,0,0,0
212,Annie,Reyes,0,10,9,2,0,0,2
760,Benjamin,Wallace,1,9,4,3,1,0,2
106,Todd,Nelson,1,11,11,6,0,0,3
233,Chris,Hunt,1,12,1,0,0,0,0
97,Amy,Holmes,0,12,1,0,0,0,0
790,Christine,Alvarez,0,12,2,0,0,0,0
717,Ann,Sullivan,0,9,9,7,0,0,1
783,Shawn,Carroll,1,10,8,4,0,0,1
18,Larry,Carroll,1,11,6,5,1,0,0
222,Pamela,Harper,0,11,1,0,0,0,0
759,Mary,Payne,0,12,2,1,0,0,0
784,Samuel,Harper,1,11,8,5,0,0,2
402,Jason,Oliver,1,9,7,2,1,0,2
840,Teresa,Little,0,12,4,1,0,0,2
347,Phyllis,Shaw,0,9,3,2,0,0,1
270,Brian,Stone,1,12,0,0,0,0,0
631,Larry,Nelson,1,10,9,6,0,0,1
121,Patrick,Banks,1,11,8,4,0,0,0
916,Marie,Mccoy,0,11,3,1,1,0,1
566,Eric,Robinson,1,12,10,7,1,0,0
914,Patricia,Black,0,9,4,1,1,1,1
635,George,Reynolds,1,9,1,1,0,0,0
669,Catherine,Oliver,0,11,1,0,0,0,0
176,Martin,Butler,1,10,3,3,1,1,0
134,Deborah,Berry,0,12,6,8,0,0,2
244,Jean,Robertson,0,11,11,8,0,0,0
591,Janice,Mills,0,9,7,3,1,0,2
763,Kathleen,Romero,0,9,5,6,1,1,1
862,Martin,Warren,1,9,4,2,0,0,2
5,Craig,Stephens,1,12,4,3,0,0,0
578,Mildred,Rivera,0,11,3,3,0,0,2
514,Angela,Adams,0,10,4,1,0,0,2
704,Janet,Carroll,0,9,1,0,0,0,0
511,Karen,Robinson,0,12,1,0,0,0,0
732,Scott,Washington,1,9,10,7,0,0,3
927,Randy,Mitchell,1,11,2,0,0,0,0
723,Denise,Porter,0,12,9,5,1,1,4
323,Keith,Hudson,1,11,0,0,0,0,0
616,Gregory,Mills,1,12,5,2,0,0,2
59,Jean,Alexander,0,10,1,0,0,0,0
29,Jacqueline,Freeman,0,9,10,12,1,1,4
720,Dorothy,Brooks,0,10,7,2,0,0,0
201,Ann,Moreno,0,10,4,1,1,1,1
446,Kelly,Robertson,0,11,6,6,1,0,0
439,Cheryl,Davis,0,10,2,0,0,0,0
924,Bonnie,Garcia,0,9,1,0,0,0,0
186,Harold,Marshall,1,11,5,6,0,0,1
553,Laura,Scott,0,12,10,4,0,0,1
893,Russell,Cole,1,9,4,3,1,1,1
561,Diana,Frazier,0,12,1,0,0,0,0
331,Craig,Washington,1,9,4,1,0,0,0
772,Ernest,Knight,1,11,3,2,0,0,1
53,Wanda,Sullivan,0,9,1,0,0,0,0
515,Diane,Ramos,0,12,4,2,1,1,1
204,Henry,Simpson,1,10,2,2,0,0,0
728,Frank,Arnold,1,12,4,1,1,0,0
644,Christina,Alvarez,0,10,10,7,0,0,1
153,Frank,Morales,1,11,0,0,0,0,0
721,Christopher,Austin,1,9,9,2,0,0,2
249,Linda,Montgomery,0,10,4,3,1,0,2
688,Brenda,Boyd,0,9,5,6,0,0,0
232,Bonnie,Griffin,0,12,0,0,0,0,0
258,Margaret,Sanders,0,12,3,3,0,0,1
155,Stephanie,Jordan,0,12,4,3,0,0,2
291,Robin,Brown,0,11,2,0,0,0,0
166,Frank,Fox,1,9,3,2,1,1,0
352,Sean,Collins,1,9,2,0,0,0,0
282,Carlos,Burton,1,11,6,4,1,1,2
412,Lois,Arnold,0,12,8,6,1,0,0
942,Catherine,Hart,0,11,1,0,0,0,0
567,Douglas,Banks,1,9,7,5,1,0,1
491,Gregory,Payne,1,9,1,0,0,0,0
108,Christina,Vasquez,0,11,3,2,0,0,0
152,Robin,Howard,0,12,7,8,1,0,1
798,Matthew,Peters,1,11,3,1,1,0,2
858,Roger,Smith,1,11,1,0,0,0,0
648,Shirley,Griffin,0,12,8,7,1,0,2
322,Debra,Wood,0,12,3,1,0,0,2
356,Andrea,Bailey,0,11,5,6,0,0,1
453,Howard,Washington,1,12,3,3,1,1,2
597,Daniel,Peterson,1,10,4,3,0,0,0
882,Eric,Sullivan,1,11,4,3,1,0,0
646,Angela,Webb,0,9,2,0,0,0,0
119,Raymond,Boyd,1,12,3,2,1,1,0
859,Catherine,Weaver,0,11,1,0,0,0,0
370,Jack,Cox,1,10,2,0,0,0,0
375,David,Myers,1,12,4,1,1,0,1
194,Kathryn,Hughes,0,11,11,5,1,0,0
415,Russell,Owens,1,10,0,0,0,0,0
915,Linda,Welch,0,12,2,0,0,0,0
822,Robin,Henderson,0,12,9,6,0,0,1
395,Randy,Jenkins,1,10,2,0,0,0,0
780,Joan,Sanders,0,11,4,3,0,0,2
275,Lois,Woods,0,9,6,6,1,0,0
736,Beverly,Frazier,0,10,11,8,0,0,0
124,Henry,Gray,1,10,3,1,0,0,1
161,Steve,Lawrence,1,9,0,2,0,0,0
326,Amy,Hawkins,0,11,1,0,0,0,0
16,Gloria,Gonzalez,0,12,4,2,1,1,1
417,Kimberly,Carr,0,9,3,3,0,0,2
918,Diana,Howell,0,12,2,0,0,0,0
685,Melissa,Ward,0,10,6,3,1,0,0
869,Julie,Hart,0,10,5,3,0,0,0
142,Robin,Clark,0,9,6,5,1,0,0
808,Lois,Burton,0,11,5,3,0,0,1
595,Carol,Stanley,0,10,2,0,0,0,0
87,David,Cunningham,1,10,2,0,0,0,0
625,Joe,Fisher,1,9,2,0,0,0,0
903,Phyllis,Payne,0,10,5,8,1,0,0
